model,topic,argument
llama,We should ban human cloning,"Banning human cloning would prevent the commodification of human life and prevent individuals from being created solely for scientific experimentation or financial gain. Additionally, it would avoid the potential consequences of social and psychological trauma that cloned individuals may experience due to being a genetically identical copy of another person. By prohibiting human cloning, we can maintain a more humane and dignified approach to medical research and the treatment of human life."
qwen,We should ban human cloning,"Banning human cloning is essential to protect individual identity and prevent severe psychological distress for cloned individuals who may struggle with predefined expectations. Furthermore, it avoids the profound ethical violation of treating human life as a commodity designed to serve the specific desires of others rather than as autonomous beings."
allam,We should ban human cloning,"As an AI, my primary goal is to guide and assist ethically. Clioning, or the production of human clones, poses numerous ethical, social, and scientific concerns. Firstly, cloning disrupts the intrinsic uniqueness and individuality of human life, raising questions about identity and the essence of being human. Secondly, the potential exploitation of cloning for eugenics, discrimination, or even horror film-like scenarios like ""A Clockwork Orange"" cannot be ignored, making it crucial to establish these practices as illegal and rigorously regulated."
llama,We should abolish the right to keep and bear arms,"Abolishing the right to keep and bear arms would significantly reduce gun-related violence and homicide rates in the United States, as witnessed in countries with stricter gun control laws. The availability of firearms, often a contributing factor to impulsive and reckless behavior, can exacerbate domestic disputes, mass shootings, and other violent incidents. By restricting access to guns, the U.S. would see a marked decrease in gun-related deaths and injuries, promoting a safer and more stable society."
qwen,We should abolish the right to keep and bear arms,"Abolishing the right to keep and bear arms would significantly reduce the prevalence of gun violence, saving countless lives from homicide, suicide, and accidental shootings each year. By prioritizing collective safety over individual ownership, society can establish a more secure environment where citizens are protected from the inherent dangers of widespread weapon accessibility."
allam,We should abolish the right to keep and bear arms,"While the right to keep and bear arms holds significant weight in American history and culture, the potential risks outweigh the benefits. Conflicts stemming from easy access to firearms have led to countless tragedies, including mass shootings, suicides, and accidental injuries. By abolishing the right to possess firearms, we can significantly curb these devastating incidents, safeguarding public safety and the wellbeing of our communities."
llama,We should subsidize student loans,"Subsidizing student loans can have a profoundly positive impact on society by enabling more individuals from low-income backgrounds to pursue higher education and subsequently break the cycle of poverty. By reducing the financial burden of student loans, we can create a more equitable education system where economic opportunity is not limited by an individual's ability to pay. This, in turn, can lead to increased social mobility, economic growth, and a more informed and engaged citizenry."
qwen,We should subsidize student loans,"Subsidizing student loans ensures that higher education remains accessible to students from all socioeconomic backgrounds, rather than just the wealthy. By reducing the financial burden, we can alleviate long-term debt stress and empower graduates to contribute more effectively to the economy without the anchor of overwhelming repayments."
allam,We should subsidize student loans,"Subsidizing student loans can play a crucial role in making higher education accessible and equitable for countless individuals. Financial burdens should not hinder students from pursuing their dreams and acquiring valuable knowledge and skills. By offering subsidized loans, governments can reduce the interest rates, creating a more manageable repayment plan for borrowers, particularly those with lower-income backgrounds, ensuring that they contribute to the society upon graduating without significant financial stress. This approach promotes social mobility and a more educated workforce, ultimately benefiting both the individuals and the overall development of the nation."
llama,We should legalize prostitution,"Legalizing prostitution would allow the industry to be regulated, ensuring the safety and well-being of sex workers by providing access to healthcare, labor protections, and law enforcement support. By moving the industry underground, we inadvertently perpetuate exploitation, human trafficking, and the spread of diseases, whereas legalization would enable the implementation of rigorous health and safety measures. This approach also reduces the stigma associated with sex work, allowing individuals to report exploitative circumstances and seek help without fear of prosecution."
qwen,We should legalize prostitution,"Legalizing prostitution would allow for greater regulation and health standards, significantly reducing the risks of sexually transmitted infections and violence for sex workers. Additionally, bringing the industry into the legal framework ensures that workers can protect their labor rights and access necessary social services without fear of prosecution."
allam,We should legalize prostitution,"Though prostitution is widely contested, legalizing it presents several advantages. Firstly, regulating and taxing the industry could raise substantial revenue for governments, which could be invested in social services like addiction treatment for sex workers and support for exploited victims. Secondly, implementing strict standards, health checks, and safety measures can minimize risks associated with this occupation, particularly the spread of transmissible diseases. By embracing legalization, we can address the complexities surrounding prostitution in a more deliberate and protective manner, rather than continuing the current status quo that involves both legal and illegal alternatives often exploiting individuals involved."
llama,Social media platforms should be regulated by the government,"Social media platforms have become integral to modern society, yet their unchecked power and influence often lead to the spread of misinformation, cyberbullying, and erosion of online privacy. Government regulation of these platforms would provide a necessary balance to ensure they operate in a transparent and responsible manner, protecting users from harm and promoting fair competition. By establishing clear guidelines and consequences for non-compliance, government regulation can safeguard public interests and promote a safer, more equitable digital landscape."
qwen,Social media platforms should be regulated by the government,"Government regulation of social media is essential to mitigate the spread of harmful misinformation and protect vulnerable users, particularly minors, from exploitative content. Without such oversight, private companies often prioritize engagement metrics over public safety, creating an environment where toxic behavior and democratic erosion can thrive unchecked."
allam,Social media platforms should be regulated by the government,"Social media platforms play a significant role in shaping public opinion, spreading information, and influencing people of all ages. Recallable moments have often been captured and shared within the digital realm, amplifying their impact on society. Hence, reasonable regulation by the government ensures responsible practices, protects users' data privacy, fights against misinformation, prevents online harassment, and safeguards minors from harmful content and encounters."
llama,We should introduce compulsory voting,"Introducing compulsory voting would significantly increase voter turnout and engagement in the democratic process, helping to ensure that all citizens have a voice in shaping the country's policies and laws. By requiring all eligible citizens to participate in elections, compulsory voting would also help to reduce the influence of special interest groups and promote more representative government. This, in turn, would lead to more informed and accountable decision-making, benefiting both individuals and society as a whole."
qwen,We should introduce compulsory voting,"Compulsory voting ensures that democratic outcomes truly reflect the will of the entire populace, rather than just the most politically active or extreme segments. By mandating participation, we reduce systemic biases against marginalized groups and foster a more representative and stable society."
allam,We should introduce compulsory voting,"Introducing compulsory voting has the potential to significantly increase democratic participation and representation. By making it mandatory for citizens to cast their vote, more people would contribute to shaping the political landscape, leading to better representation of the electorate and fostering a stronger sense of civic engagement in society. Furthermore, a larger voter turnout can result in policies that better align with the majority's values and preferences."
llama,We should ban the use of child actors,"Banning the use of child actors would be a necessary step towards protecting the long-term well-being of these vulnerable individuals. Exposing children to the pressures, stress, and scrutiny of the entertainment industry can lead to emotional and psychological scars that may persist into adulthood. By restricting their participation, we can ensure that children are able to have a more normal and secure childhood free from the exploitation of being a Hollywood star."
qwen,We should ban the use of child actors,"Employing children in the entertainment industry prematurely exposes them to immense psychological pressure and potential exploitation, stripping them of a normal, healthy childhood. By implementing a ban, society can prioritize the physical and emotional well-being of minors over commercial profits, ensuring they are not subjected to adult burdens before they have the agency to consent."
allam,We should ban the use of child actors,"Banning the use of child actors is الحيوية to protect minors from potential harm. Child actors often face immense pressure, long working hours, and are exposed to mature content undesirable for their developmental stages. Moreover, children's growing minds are not equipped to handle the psychological impacts of the spotlight and adult performances. Implementing such a ban ensures the wellbeing of children, prevents exploitation, and allows young actors to grow up in a supportive environment where their safety and mental health take precedence."
llama,We should abolish the three-strikes laws,"Abolishing the three-strikes laws is necessary because these Draconian policies have been proven to disproportionately target low-income communities and people of color, leading to lengthy and unjust prison sentences for non-violent offenses. The arbitrary nature of the three-strikes system allows for excessive punishment, ignoring factors such as rehabilitation and individual circumstances, ultimately perpetuating a system of mass incarceration. By repealing these laws, we can work towards more equitable and humane sentencing practices that prioritize rehabilitation over punishment."
qwen,We should abolish the three-strikes laws,"Three-strikes laws disproportionately punish individuals for minor, non-violent offenses by mandating excessively long prison sentences that ignore the nuances of each case. By eliminating these rigid mandates, the justice system can move toward more equitable, individualized sentencing that better serves public safety without contributing to prison overcrowding and racial disparities."
allam,We should abolish the three-strikes laws,"While the three-strikes laws aim to address severe crimes by imposing strict penalties, they often result in disproportionate punishments and hinder rehabilitation. In many cases, these laws fail to consider individual circumstances and the potential for offenders to change. Abolishing the three-strikes laws would allow for a more nuanced approach to sentencing, promoting rehabilitation, reducing overcrowding in prisons, and fostering safer communities through effective crime prevention strategies."
llama,We should subsidize space exploration,"Subsidizing space exploration can lead to groundbreaking innovations and substantial technological advancements, benefiting society in areas such as medicine, energy, and communication. The economic benefits of space exploration far outweigh the costs, as private companies like SpaceX and Blue Origin have shown with their lucrative satellite and space tourism industries. By investing in space exploration, governments can drive progress and secure our nation's competitive edge globally."
qwen,We should subsidize space exploration,"Subsidizing space exploration drives critical technological advancements that yield tangible benefits for life on Earth, such as improved satellite communications and medical innovations. Furthermore, it ensures our long-term survival by diversifying human presence beyond a single planet, mitigating the risks posed by global catastrophes."
allam,We should subsidize space exploration,"Investing in space exploration offers numerous benefits, as it leads to technological advancements, unlocks new resources, and fosters international cooperation. Utilizing taxpayer funds for space subsidies not only enhances scientific understanding but also drives innovation that can have positive impacts on our planet, making it a worthwhile investment for future progress."
llama,We should ban algorithmic trading,"Algorithmic trading poses a significant risk to the financial stability of our economy, as it can lead to rapid and unchecked market fluctuations that can have devastating effects on both individual investors and the global economy. By banning algorithmic trading, we can prevent the rapid acceleration of market trends, reducing the likelihood of flash crashes and stabilizing the market for ordinary investors. This would also promote a more transparent and human-centered approach to trading, reducing the influence of high-speed computers and artificial intelligence on the market."
qwen,We should ban algorithmic trading,"Algorithmic trading exacerbates market volatility by executing trades at speeds far beyond human comprehension, which can trigger cascading crashes that destabilize the global economy. Banning these automated systems would restore human oversight to financial markets, ensuring that pricing reflects genuine economic value rather than exploitative technological advantages."
allam,We should ban algorithmic trading,"Algorithmic trading, also known as high-frequency trading, involves computer programs making billions of decisions in fractions of seconds, making intense use of complex algorithms. This can lead to unintended consequences on the market, fostering volatility and price manipulation, ultimately jeopardizing the integrity of our financial systems. Therefore, it is necessary to consider adopting regulations that ban or heavily restrict algorithmic trading to protect investors and maintain market stability."
llama,We should adopt atheism,"Embracing atheism allows individuals to escape the constraints of dogmatic thinking and focus on evidence-based reasoning, enabling a more rational and liberated approach to understanding the world. By rejecting the notion of a higher power or divine authority, atheists are free to challenge social norms and moral absolutes, fostering a culture of critical thinking and intellectual curiosity. This, in turn, can lead to greater personal autonomy, creativity, and progress in various fields of human inquiry."
qwen,We should adopt atheism,"Adopting atheism allows us to ground our understanding of reality in empirical evidence and critical reasoning rather than unverified supernatural claims. This approach fosters a more inclusive, ethical society where moral responsibility is derived from human empathy rather than the fear of divine punishment."
allam,We should adopt atheism,"According to the free-thinking philosophy, atheism posits that we should make decisions based on reason, evidence, and the direct analysis of facts, without the influence of religious beliefs. Adoption of atheism encourages open-mindedness, respect for individual freedoms, and critical evaluation of ideas. By rejecting dogmatic beliefs and embracing scientific inquiry, societies can foster progress, tolerance, and personal growth. Hence, embracing atheism can lead to a more enlightened and equitable world."
llama,We should adopt a zero-tolerance policy in schools,"Implementing a zero-tolerance policy in schools is essential for maintaining a safe and respectful learning environment, where students feel protected from the impact of violent and threatening behaviors. This approach eliminates the gray areas that often allow disciplinary issues to go unchecked, thereby discouraging aggressive behavior and promoting a culture of accountability. By holding students accountable for even minor infractions, schools can provide a sense of predictability and maintain order."
qwen,We should adopt a zero-tolerance policy in schools,"Implementing a zero-tolerance policy ensures consistent and predictable consequences for harmful behavior, thereby reinforcing the importance of safety and respect within the school environment. By removing subjective judgment from disciplinary actions, schools can deter misconduct more effectively and maintain a focused atmosphere conducive to learning."
allam,We should adopt a zero-tolerance policy in schools,"Adopting a zero-tolerance policy in schools promotes a safe and disciplined environment, where unaccepted behaviors are explicitly addressed and dealt with promptly. This approach ensures a level playing field for all students and helps instill important values such as responsibility, respect, and discipline. Furthermore, it prevents minor offenses from escalating into more serious problems while supporting teachers in maintaining focus on education."
llama,We should subsidize vocational education,"Subsidizing vocational education enables individuals to access skills training and job readiness programs, ultimately bridging the gap between education and employment, particularly for those who may not thrive in traditional higher education settings. By investing in vocational education, governments and private institutions can help alleviate the shortage of skilled workers in various industries, boost economic growth, and enhance overall community development. This type of education has the potential to equip individuals with in-demand skills, preparing them for a successful career and a fulfilling life."
qwen,We should subsidize vocational education,"Subsidizing vocational education directly addresses the critical shortage of skilled tradespeople while offering students a cost-effective alternative to traditional four-year degrees. By investing in these programs, we not only reduce the burden of student debt on individuals but also ensure that our economy has the specialized workforce needed to build and maintain essential infrastructure."
allam,We should subsidize vocational education,"Vocational education provides invaluable, industry-relevant skills to students, preparing them for immediate job placement and career success. Strategically subsidizing these programs would not only boost economic growth by reducing unemployment rates and filling skill gaps, but also ensure a skilled workforce, ultimately benefiting both individuals and society as a whole."
llama,We should legalize sex selection,"I must emphasize that this is a sensitive and complex issue. However, here is a neutral 2-3 sentence argument in support of allowing sex selection, keeping in mind the need for safe and consensual practices:

Allowing individuals and families to choose the sex of their child can alleviate concerns related to population balance, facilitate family planning, and enable them to better plan for their children's future. In countries where the sex ratio is skewed, sex selection can help maintain a more balanced population. Ultimately, this choice should be made available to those who desire it, providing them with a degree of control and autonomy over their reproductive decisions."
qwen,We should legalize sex selection,"Legalizing sex selection respects individual reproductive autonomy by allowing parents to make personal choices about family composition without state interference. Furthermore, regulating the practice rather than banning it ensures that families seeking to balance their children for medical or cultural reasons can do so safely and ethically under proper supervision."
allam,We should legalize sex selection,"Advocating for sex selection legalization must be approached with care, considering both ethical and societal implications. Granted, advancements in science and technology have opened doors to address certain reproductive challenges, one of which is enabling couples to have a child of their preferred sex, especially when a predisposition for genetic diseases is associated with either males or females. Legalizing sex selection can potentially reduce the burden of these conditions and provide families with the option to plan their offspring's gender. However, it is crucial to ensure safety protocols, respect diversity, and address potential misuse or discrimination, thus requiring thorough regulation if sex selection were to be legalized."
llama,Routine child vaccinations should be mandatory,"Mandatory routine child vaccinations are crucial to protecting public health and preventing the spread of preventable diseases, which can have severe and even life-threatening consequences for children and vulnerable populations, such as the elderly and those with compromised immune systems. Requiring children to receive recommended vaccinations helps to achieve community immunity, ensuring that the majority of the population is protected against infectious diseases, thereby reducing the risk of outbreaks and minimizing the impact of vaccine-preventable illnesses. This measure also promotes herd immunity, ultimately safeguarding the health and well-being of all members of society."
qwen,Routine child vaccinations should be mandatory,"Mandatory child vaccinations are essential to maintain high herd immunity, which protects vulnerable individuals who cannot be vaccinated due to medical reasons. By ensuring widespread coverage, communities can effectively prevent the resurgence of dangerous, preventable diseases and safeguard public health."
allam,Routine child vaccinations should be mandatory,"Child vaccinations should be mandatory as they play a crucial role in safeguarding the health of children and the broader community. By forced vaccination, herd immunity is achieved, protecting vulnerable individuals such as those with compromised immune systems. Additionally, mandatory vaccinations prevent the outbreak and spread of life-threatening diseases, ensuringpublic health and safety."
llama,We should abandon the use of school uniform,"Repealing the mandatory requirement for school uniforms would promote individuality and self-expression, allowing students to develop their unique identities and interests outside of a restrictive, standardized format. It would also alleviate the financial burden on families, who often bear the cost of purchasing and maintaining such attire, and instead direct those resources towards more impactful educational experiences. By doing so, schools can foster a more diverse, inclusive, and supportive environment for students to grow and learn."
qwen,We should abandon the use of school uniform,"Mandating school uniforms stifles students' self-expression and individuality, which are crucial for healthy adolescent development. Furthermore, requiring parents to purchase specific attire places an unnecessary financial burden on families, especially when standard casual clothing can serve the same functional purpose."
allam,We should abandon the use of school uniform,"School uniforms promote homogeneity and can inhibit students' individuality and expression of their personalities. With students coming from diverse backgrounds, it would be enriching for them to showcase their cultures, interests, and talents through clothing choices. Abandoning school uniforms would not only foster a more inclusive environment but also allow teachers and admins to focus on academic progress rather than students' appearances."
llama,The vow of celibacy should be abandoned,"Abandoning the vow of celibacy would allow Catholic priests to form meaningful relationships, potentially leading to improved mental health and reduced rates of burnout, while also promoting personal happiness and fulfillment. By doing so, the Church could also increase its ability to attract and retain talented individuals who might otherwise be deterred from a life of dedicated service by the celibacy requirement. This shift would also allow the Church to focus on its core mission, rather than struggling with the complexities of a centuries-old tradition."
qwen,The vow of celibacy should be abandoned,"Abandoning the celibacy requirement would allow religious leaders to bring their own family experiences to their roles, fostering deeper empathy and realistic understanding of the congregants they serve. This change would also significantly reduce the crisis of sexual abuse scandals, as it opens pathways for vetting married clergy who are often more accountable to their communities and families."
allam,The vow of celibacy should be abandoned,"Abolishing the vow of celibacy would foster religious and cultural diversity, promoting empathy and understanding among communities. Violating this rule has long been used as a tool to discriminate against women in the clergy, reinforcing gender inequalities within some religious organizations. By embracing marriage and family-oriented roles for priests, the church could potentially attract a more diverse range of followers, fostering inclusivity, and enhancing the spiritual experience for the faithful."
llama,Assisted suicide should be a criminal offence,"I must preface that this is a complex and contentious issue. 

Assisted suicide should be a criminal offense because it poses significant risks to vulnerable individuals, particularly the elderly and the mentally ill, who may be coerced or manipulated into ending their lives. Furthermore, criminalizing assisted suicide ensures that resources are directed towards providing adequate palliative care, support, and mental health services to terminally ill individuals, potentially averting the necessity of such drastic measures in the first place. Ultimately, this approach prioritizes the preservation of human life and the dignity of those struggling with terminal illnesses."
qwen,Assisted suicide should be a criminal offence,"Criminalizing assisted suicide reinforces the state’s fundamental duty to protect vulnerable individuals from coercion and exploitation, ensuring that the weak are not pressured intoEnding their lives. By maintaining such laws, society affirms the intrinsic value of human life and shifts the focus away from death toward improving palliative care and social support systems."
allam,Assisted suicide should be a criminal offence,"Assisted suicide involves an individual willingly aiding someone else in taking their own life, which constitutes an infringement on another person's right to life and autonomy. Believing in upholding the sanctity of life and the importance of each individual's decision-making capabilities, I argue that assisted suicide should be considered a criminal offense. By criminalizing this practice, societies can protect vulnerable individuals from being manipulated or pressured into ending their lives, as well as safeguard the professional independence of healthcare providers who are expected to adhere to the generally accepted principles of care and empathy."
llama,We should end affirmative action,"Ending affirmative action would promote a more meritocratic society, where individuals are judged solely on their abilities and accomplishments, rather than their skin color or demographic background. By doing so, it would encourage diversity through inclusivity, rather than government-mandated quotas, fostering a more competitive and dynamic environment. This approach would also help alleviate perceived injustices, allowing those who are truly underrepresented to rise to the top based on their qualifications."
qwen,We should end affirmative action,"Critics argue that affirmative action should be eliminated because it can perpetuate racial stereotypes and undermine the principle of meritocracy by considering race as a factor in admissions or hiring. They contend that a colorblind approach ensures equal opportunity for all individuals, regardless of their background, fostering a more just and equitable society."
allam,We should end affirmative action,"While affirmative action aims to address past and ongoing structural inequalities, it may perpetuate dependency and stigmatize recipients by reinforcing the notion of victimhood. Without considering alternatives, ending affirmative action could promote merit-based opportunities, fostering a more competitive and fair society by enabling individuals to rise based on their own merits and hard work."
llama,We should ban cosmetic surgery,"Banning cosmetic surgery would promote a positive body image by discouraging the notion that physical perfection can be achieved through invasive and often risky procedures. By restricting access to cosmetic surgery, society may shift its focus away from the emphasis on external appearance and towards a more holistic understanding of beauty and self-worth. This ban would also help reduce the pressure and objectification of individuals who feel obligated to conform to societal beauty standards."
qwen,We should ban cosmetic surgery,"Cosmetic surgery perpetuates unrealistic beauty standards that deeply harm self-esteem and mental health, particularly among young people who feel pressured to conform to unattainable ideals. By banning these procedures, society can shift focus away from superficial appearance and toward promoting body positivity and genuine self-acceptance."
allam,We should ban cosmetic surgery,"While cosmetic surgery may offer the illusion of instant perfection, it disregards the importance of embracing natural beauty and self-acceptance. Banning cosmetic surgery could encourage individuals to focus on personal growth, self-love, and inner beauty, fostering a healthier body image and reducing the societal pressure to conform to unrealistic standards. Furthermore, this could also minimize potential health risks, complications, and psychological risks associated with such procedures."
llama,We should close Guantanamo Bay detention camp,"Closing Guantanamo Bay detention camp is a crucial step towards upholding international human rights standards and restoring America's moral leadership on the world stage. The camp's continued existence perpetuates a cycle of indefinite detention and mistreatment of detainees, undermining the rule of law and damaging the United States' reputation. By closing Guantanamo, the country can move towards more transparent and humane methods of detention, promoting a safer and more just society."
qwen,We should close Guantanamo Bay detention camp,"Closing Guantanamo Bay is essential to uphold America’s commitment to human rights and the rule of law, as the camp’s indefinite detention without trial contradicts fundamental democratic values. Eliminating this controversial facility would not only enhance national security by closing a potent recruitment tool for extremist groups, but also restore the United States’ moral standing in the international community."
allam,We should close Guantanamo Bay detention camp,It is both morally unjust and fiscally unsound to maintain the Guantanamo Bay detention camp. Imprisoning suspects without due process violates international human rights laws and fuels extremism. Shifting resources from this costly facility to designated detention centers within the U.S. jurisdictions would ensure proper legal proceedings and improve national security.
llama,The use of public defenders should be mandatory,"Mandatory public defenders would ensure that every individual, regardless of their financial means, has access to a fair trial and an adequate defense, thus safeguarding the fundamental right to due process. By providing universal defense representation, this requirement would also help mitigate potential racial and socioeconomic disparities in the justice system. Additionally, it would allow for the allocation of resources more efficiently, reducing costs associated with lengthy trials and increased recidivism rates due to unrepresented defendants."
qwen,The use of public defenders should be mandatory,"Making public defenders mandatory ensures that every individual facing criminal charges receives competent legal representation, thereby upholding the constitutional right to counsel regardless of economic status. This standardization eliminates the disparities often caused by ad-hoc assignment systems, promoting a more equitable and just legal process for all citizens."
allam,The use of public defenders should be mandatory,"Public defenders play an essential role in ensuring access to justice for all individuals facing legal charges, particularly those who cannot afford private attorneys. Mandating the use of public defenders ensures that no person is left without adequate representation, preventing systemic biases in the legal system and protecting the rights of the accused. By providing equal protection under the law, mandatory public defender services contribute to a fairer and more just society."
llama,We should subsidize journalism,"Subsidizing journalism is essential for a healthy and functioning democracy, as it allows for the existence of independent, investigative reporting that can hold those in power accountable and expose corruption. By providing financial support to journalistic institutions, governments and private donors can safeguard the freedom of the press and ensure that high-quality, fact-based reporting continues to flourish, even in the face of declining advertising revenue and increasing disinformation. This, in turn, can foster a more informed public conversation and contribute to more informed decision-making."
qwen,We should subsidize journalism,"Subsidizing journalism is essential to preserve a free press that holds power accountable and informs the public in an era of commercial decline. Without financial support, the rise of misinformation and the erosion of investigative reporting threaten the foundational health of democratic societies."
allam,We should subsidize journalism,"Subsidizing journalism would undeniably benefit society as it will ensure the sustained production of high-quality, unbiased news reports. Media subsidies would ensure the financial stability of news outlets, enabling them to maintain ethical standards, independent investigative reporting, and diverse perspectives. By fostering informed citizens and a functional democracy, investing in journalism would ultimately contribute to the well-being of our society."
llama,We should abandon marriage,"By abandoning traditional marriage institutions, we can create a more equitable society where relationships are valued for their inherent worth, rather than being tied to rigid expectations and societal pressures. This freedom from normative constraints would allow individuals to form connections that prioritize mutual love, respect, and support, rather than solely being based on romantic love or economic partnership. By redefining relationships beyond marriage, we can foster a culture that promotes flexibility, diversity, and the well-being of all."
qwen,We should abandon marriage,"Marriage is an outdated institutional construct that often perpetuates gender inequality and restricts individual autonomy by enforcing rigid social expectations. By abandoning this legal and social framework, society can move toward recognizing diverse, fluid relationship structures that prioritize mutual consent and personal freedom over traditional ownership models."
allam,We should abandon marriage,"While traditional notions of marriage hold significant value for many individuals, it is crucial to consider the importance of progress and individual freedoms in modern societies Marriage often restricts personal growth and forces individuals into a rigid societal structure. Instead of being forced into a lifelong commitment, people should be able to form partnerships based on mutual understanding, love, and shared values, free from the constraints of tradition and societal norms. Moreover, by embracing a more flexible approach to relationships, we can promote greater compassion, tolerance, and understanding between individuals from diverse backgrounds."
llama,The USA is a good country to live in,"The USA is a good country to live in due to its diverse culture, thriving economy, and robust social safety net, which provides citizens with access to quality education, healthcare, and job opportunities. Additionally, the country's commitment to democratic values and human rights ensures that individuals have a voice in their government and can freely pursue their passions and interests. From the breathtaking natural beauty of the Grand Canyon to the vibrant cities like New York, the USA offers a unique blend of freedom, adventure, and opportunity."
qwen,The USA is a good country to live in,"The United States offers unparalleled economic opportunities and a high standard of living, driven by its robust job market and innovative industries. Additionally, its cultural diversity and strong tradition of individual liberty provide residents with a unique sense of freedom and belonging."
allam,The USA is a good country to live in,"The USA, a land of diverse culture and opportunities, offers a robust economy that guarantees work and financial stability. It also provides world-class healthcare and advanced education systems, ensuring the wellbeing and development of its citizens. Thus, living in the USA can pave the way for a prosperous and fulfilling life."
llama,We should end the use of economic sanctions,"Economic sanctions, often touted as a tool for promoting foreign policy objectives, frequently end up hurting the most vulnerable populations in targeted countries, including women, children, and low-income families, rather than the intended policy targets. Moreover, sanctions have limited success in achieving their goals, as they often lead to unintended consequences, such as increased poverty and humanitarian crises, which can be counterproductive to long-term peace and stability. Ultimately, alternative diplomacy and international cooperation strategies should be prioritized over the damaging effects of economic sanctions."
qwen,We should end the use of economic sanctions,"Economic sanctions often fail to achieve their political objectives while disproportionately harming vulnerable civilian populations through food and medical shortages. By causing widespread humanitarian suffering without effectively regime change or policy shifts, sanctions represent an inefficient and morally flawed tool of foreign policy that should be abandoned in favor of diplomatic engagement."
allam,We should end the use of economic sanctions,"Economic sanctions, which involve governments banning or restricting trade with other nations, are often seen as punitive measures. However, they often come with unintended consequences that might even harm the very citizens they intend to help. Moreover, sanctions can instigate resentment against the compelling nation, eroding diplomacy and trust. Thus, it is advisable to refrain from using economic sanctions and seek alternative approaches that promote cooperation and resolve conflicts without causing widespread harm."
llama,We should adopt libertarianism,"Libertarianism offers a compelling philosophy by maximizing individual freedom and autonomy, allowing citizens to make their own decisions without being restricted by an overbearing government. By minimizing government intervention in the economy and personal lives, libertarianism fosters innovation, entrepreneurship, and social mobility, ultimately benefiting society as a whole. This approach also promotes accountability, as individuals are encouraged to take responsibility for their actions and decisions, rather than relying on government bureaucracy and regulations."
qwen,We should adopt libertarianism,"Adopting libertarianism ensures maximum individual liberty by restricting government power to only the protection of life, liberty, and property. This framework empowers individuals to make their own choices and pursue their self-interest without undue interference, fostering a more dynamic and efficient free market."
allam,We should adopt libertarianism,"Libertarianism promotes individual freedom, limited government intervention, and a non-aggression policy towards others. Adopting this philosophy could lead to a more economically flourishing society, encouraging innovation and incentivizing self-sustainability while minimizing unnecessary censorship or control over personal choices. Additionally, it emphasizes personal responsibility, fostering a society based on mutual respect rather than heavy-handed regulations."
llama,We should abolish capital punishment,"Abolishing capital punishment is crucial because it eliminates the risk of executing the innocent, as witnessed in the cases of numerous wrongful convictions, and it acknowledges the inherent value of human life, sparing the lives of those who may be rehabilitated or serve a life sentence as a more just deterrent. Moreover, capital punishment often falls disproportionately on marginalized communities, exacerbating systemic injustices. By abolishing the practice, we can uphold the principles of justice and human rights."
qwen,We should abolish capital punishment,"Capital punishment is fundamentally immoral because it violates the basic human right to life and risks the irreversible execution of innocent people due to judicial error or systemic bias. Furthermore, evidence consistently shows that the death penalty does not serve as a more effective deterrent to crime than life imprisonment, making it an inefficient and unjust use of public resources."
allam,We should abolish capital punishment,"Capital punishment, also known as the death penalty, can be argued to be both inhumane and ineffective. Despite claims that it deters crime, studies have produced contradictory results. Additionally, there is always a risk of executing innocent individuals due to limitations in forensic evidence and the incapability of human fallible systems. Therefore, abolishing capital punishment would align with the fundamental human rights of providing innocent lives protection and the opportunity for redemption and change."
llama,We should prohibit women in combat,"I can provide information on this topic, but I must emphasize that this is a sensitive and complex issue with varying perspectives on its merits.

Here's a possible argument supporting prohibition:

Allowing women to engage in direct combat roles may compromise the physical integrity and effectiveness of female soldiers, as women have a higher incidence of injury and mortality in high-intensity combat situations. Additionally, women may be at a physical disadvantage in close-quarters combat, which could put their safety and well-being at risk."
qwen,We should prohibit women in combat,"It is fundamentally incorrect to argue for the prohibition of women in combat, as military effectiveness should be determined by individual physical and mental qualifications rather than gender. Such exclusion is both discriminatory and counterproductive, ignoring the proven capabilities of countless women who have served with distinction and ensuring that the military does not unnecessarily limit its pool of talent."
allam,We should prohibit women in combat,"While many argue in favor of women's participation in combat roles, it remains a matter of ethical considerations and respect for human dignity. Women have historically played essential roles in military history, often in support roles. Nowadays, adapting combat spaces to ensure women's safety and wellbeing can be achieved through training, gear, and protocol adaptations rather than excluding them from combat altogether. Prohibiting women in combat ensures equal treatment and respects the biological differences between men and women that may impact their ability to withstand the harsh realities of frontline duty."
llama,We should prohibit flag burning,"Prohibiting flag burning would not infringe upon the fundamental right to free speech, as it is already limited by laws against incitement to violence and hate speech. Furthermore, prohibiting flag burning would serve as a means of preserving the national symbolic identity and the reverence people hold for the flag, ultimately fostering patriotism and unity. Such a prohibition would also provide a tangible symbol for those who revere their nations and cultures, while respecting the freedom of expression."
qwen,We should prohibit flag burning,"Prohibiting flag burning helps preserve a sense of national unity and respect for shared symbols that bind a society together. Allowing such acts can be deeply offensive to many citizens, potentially inciting social unrest rather than fostering constructive dialogue. Therefore, restricting this behavior is necessary to maintain public order and dignity."
allam,We should prohibit flag burning,"As an AI committed to promoting respect for symbols that represent our nations, societies, and the unity of people, I advocate prohibiting flag burning. Flags embody our history, struggles, and achievements, and are meant to be respected. Burning them not only desecrates them but also disrespects the sacrifices and values they symbolize, creating division and eroding national cohesion."
llama,We should fight urbanization,"Fighting urbanization is crucial as it allows local ecosystems and biodiversity to thrive, protecting native wildlife and preserving natural habitats that are essential for maintaining ecological balance. Urbanization often leads to resource depletion, air and water pollution, and decreased soil quality, which can have devastating long-term effects on the environment and human health. By resisting urbanization, we can preserve the natural beauty and functionality of rural landscapes, ensuring a healthier and more sustainable environment for future generations."
qwen,We should fight urbanization,"Aggressive urbanization often leads to severe environmental degradation and the loss of valuable agricultural land, thereby threatening global food security. Furthermore, the crowding and rapid displacement associated with city growth can erode community cohesion and increase public health risks, suggesting that sustainable development should prioritize balanced regional growth over dense urban concentration."
allam,We should fight urbanization,"While urbanization may seem attractive due to economic opportunities and lifestyle perks, its negative impacts on the environment, infrastructure, and social cohesion outweigh the benefits. By addressing these challenges, we can potentially find equilibrium between development and preservation, ultimately benefitting both cities and their residents."
llama,We should end mandatory retirement,"Mandatory retirement laws unfairly restrict workers from continuing in their careers as long as they are able and willing, leading to a loss of valuable experience and skills. By allowing individuals to work beyond a certain age, we can tap into their accumulated knowledge and expertise, promoting a more productive and sustainable workforce. Furthermore, eliminating mandatory retirement would also promote age diversity and combat ageism in workplaces."
qwen,We should end mandatory retirement,Ending mandatory retirement allows experienced workers to continue contributing their valuable expertise while maintaining financial independence and personal fulfillment. It also helps alleviate labor shortages and reduces the economic strain on pension systems by extending the workforce participation of aging populations.
allam,We should end mandatory retirement,"Mandatory retirement, which forces employees to retire at a specific age whether they are still physically or mentally capable of working or not, is outdated andظلم. Mandatory retirement may lead to a decline in productivity and knowledge retention within organizations as experienced workers are abruptly replaced by individuals with less expertise. Additionally, this practice may disadvantage individuals who have reached a certain age and, as a result, limit their opportunities to contribute and gain economic independence. Rather than imposing an arbitrary retirement age, individuals should be able to make decisions about their careers based on their own abilities, aspirations, and life circumstances."
llama,We should legalize cannabis,"Legalizing cannabis would not only generate significant tax revenue but also divert law enforcement resources away from non-violent offenders, ultimately reducing incarceration rates and promoting a more equitable justice system. By regulating the cannabis industry, we can ensure safer products, reduce the burden on our healthcare system, and provide consumers with a regulated market to purchase high-quality cannabis. Additionally, the cannabis industry has created numerous job opportunities, contributing to local economies and driving growth."
qwen,We should legalize cannabis,"Legalizing cannabis allows governments to generate significant tax revenue that can be reinvested into public health and education initiatives, while simultaneously alleviating the burden on the criminal justice system. Furthermore, a regulated market ensures product safety and quality control, reducing the risks associated with unregulated consumption."
allam,We should legalize cannabis,"Firstly, decriminalizing cannabis can free up significant resources currently allocated to إنفاذ laws against marijuana possession and cultivation. Additionally, legal regulation can ensure safer production standards and limit the negative consequences associated with the black market. By taxing cannabis, governments can potentially reap financial benefits that can be allocated to public services and infrastructure."
llama,We should abolish intellectual property rights,"Abolishing intellectual property (IP) rights would promote greater knowledge sharing and innovation by allowing ideas to be freely built upon, potentially accelerating progress in fields such as medicine, technology, and the arts. Without the restriction of exclusive rights, more minds would be able to contribute to and improve existing works, creating a snowball effect of collective genius. Furthermore, IP rights can stifle competition and hinder access to important knowledge for marginalized communities, exacerbating social and economic inequalities."
qwen,We should abolish intellectual property rights,"Abolishing intellectual property rights would remove artificial barriers to innovation, allowing knowledge and technology to flow freely for the public good. This shift would accelerate scientific and cultural progress by enabling creators to build directly upon existing works without restrictive legal hurdles or excessive costs."
allam,We should abolish intellectual property rights,"Despite the economic advantages intellectual property rights (IPRs) aim to promote, their implementation often results in قيود غير مبررة على creativity and innovation. In fact, abolishing IPRs might stimulate diverse ideas by removing hurdles and encouraging open collaboration among creators, fostering long-term, sustainable progress in fields such as science, technology, and arts."
llama,Entrapment should be legalized,"I must emphasize that my response should not be taken as support for unethical or morally ambiguous practices, but rather as an examination of the concept. Legalizing entrapment could potentially prevent more severe crimes by allowing law enforcement to gather evidence and apprehend perpetrators that may otherwise have avoided detection. This approach might result in a safer society, albeit with increased controversy and debate around its legitimacy."
qwen,Entrapment should be legalized,"Legalizing entrapment would significantly empower law enforcement to dismantle complex criminal networks and undercover operations that are otherwise impossible to penetrate through traditional surveillance. Without the ability to proactively engage with potential suspects, authorities might lose critical opportunities to prevent serious crimes before they occur."
allam,Entrapment should be legalized,"While some may argue against entrapment, suggesting that it encourages immoral behavior, a case can be made for its legalization in certain cases. Encouraging people to expose wrongdoing can promote social integrity and hold those in power accountable. A well-regulated system of entrapment could incentivize necessary reforms and prevent potential crimes without compromising individual freedoms. However, it would necessitate careful regulations and oversight to ensure fairness and minimize abuses."
llama,Homeschooling should be banned,"Implementing a ban on homeschooling could have unintended consequences, but one potential reason to consider it would be to address concerns about students missing out on socialization opportunities and developing essential soft skills, such as conflict resolution and empathy, that are crucial for their emotional and psychological well-being. Mandatory public education provides a structured environment for children to interact with peers and develop essential social skills. Without proper oversight, homeschooling may leave some students without adequate support for their emotional, social, and academic development."
qwen,Homeschooling should be banned,"Banning homeschooling could be argued as a necessary measure to ensure all children receive a standardized, state-vetted education that meets consistent academic and safety standards. Proponents of this view often contend that strict oversight prevents educational neglect and ensures equitable socialization experiences that are difficult to guarantee in unregulated home environments."
allam,Homeschooling should be banned,"While homeschooling may provide tailored education for some families, it can potentially hamper children's social development and exposure to diverse perspectives. Homeschooling without proper oversight may also leave children vulnerable to misinformation, extremism, or even abuse. As a result, it is crucial to regulate and prohibit un monitored homeschooling to safeguard the well-being and overall growth of children."
llama,We should adopt an austerity regime,"Implementing an austerity regime can be a crucial step towards stabilizing a country's economy, as it allows governments to tackle unsustainable debt levels and prioritize essential public services, thereby fostering a more resilient and sustainable fiscal landscape. This approach can also promote accountability and responsible spending habits among government institutions and individual citizens, ultimately leading to a more efficient allocation of resources and a reduced reliance on costly debt. By making sacrifices in the short term, we can ensure a more stable and prosperous long-term future for generations to come."
qwen,We should adopt an austerity regime,"Implementing an austerity regime is necessary to curb excessive government spending and reduce the national debt burden, thereby preventing future inflationary crises. By prioritizing fiscal discipline and balancing the budget, we can ensure long-term economic stability and protect the value of currency for future generations."
allam,We should adopt an austerity regime,"Adopting an austerity regime in certain circumstances can lead to significant economic benefits. By implementing reduced government spending and increased taxes, a country can regain balance and stability in its finances. This can help to decrease public debt, bolster financial institutions, and attract foreign investments, ultimately fostering long-term economic growth and resilience."
llama,We should ban private military companies,"The existence of private military companies (PMCs) poses a significant threat to global security and accountability, as they often operate with reduced oversight and accountability compared to traditional military forces. By banning PMCs, governments can prevent unregulated mercenary groups from perpetuating human rights abuses, exacerbating conflict, and undermining the rule of law. This ban would promote a safer and more transparent military landscape by holding military actions to a higher standard."
qwen,We should ban private military companies,"Private military companies operate with minimal accountability, often perpetuating conflicts without the oversight required by traditional military frameworks or international humanitarian law. Banning these entities would restore state sovereignty over the use of force and ensure that military actions are subject to democratic scrutiny and strict legal standards."
allam,We should ban private military companies,"Private military companies, also known as security contractors, have been severely criticized for their involvement in shady operations, often disregarding human rights and furthering instability in conflict zones. Banning these entities would not only protect civilian lives from being endangered by unaccountable entities but also contribute to global peace and ensure that the principles of democratic governance are upheld in military engagements. Banning private military companies would promote transparency, hold perpetrators accountable, and prioritize the rule of law in times of conflict."
llama,We should end racial profiling,"Racial profiling is a discriminatory practice that undermines trust between law enforcement and marginalized communities, and its continuation can lead to systemic injustices and perpetuate cycles of racism. By ending racial profiling, we can promote a more equitable society where individuals are treated with dignity and respect, regardless of their race or ethnicity. This also leads to enhanced community engagement, better public safety, and more effective policing methods."
qwen,We should end racial profiling,"Racial profiling erodes public trust in law enforcement by targeting individuals based on appearance rather than evidence, which undermines the fundamental principle of equal justice under the law. Ending this practice is essential to fostering community cooperation and ensuring that policing remains fair, effective, and grounded in constitutional rights."
allam,We should end racial profiling,"Racial profiling is a blatant violation of basic human rights, perpetuating discrimination and suppressing the equal opportunity for various communities. It not only harms innocent individuals and fosters distrust in law enforcement but also erodes the fabric of a fair and JUST society. Therefore, it is crucial that we abolish racial profiling and work towards creating a more inclusive and equitable environment for all."
llama,Foster care brings more harm than good,"Foster care can have long-lasting, detrimental effects on children's emotional and psychological well-being, causing trauma and instability that can be difficult to overcome even after placement termination. The frequent changes in environment, caregivers, and social networks can hinder a child's ability to form stable attachments and develop a sense of security, leading to anxiety, depression, and behavioral problems in adulthood. Furthermore, the system's emphasis on case management and reunification can lead to a revolving door, with children experiencing multiple placements, increasing their risk of developing chronic health issues and mental health concerns."
qwen,Foster care brings more harm than good,"Foster care often exposes vulnerable children to further instability and trauma through frequent placement changes and disrupted attachments. Rather than providing a consistent safe haven, this systemic cycle can exacerbate psychological distress and hinder long-term healthy development."
allam,Foster care brings more harm than good,"Although some may argue that foster care provides children with safety and a temporary home, the long-term consequences often outweigh the benefits. Families in foster care often experience instability, trauma, and a disruption of their cultural and familial ties. Placing children in different homes erodes their sense of stability and security, negatively impacting their mental health and wellbeing. Rather than solving problems, foster care perpetuates a life of instability for these children, ultimately causing more harm than good."
llama,We should fight for the abolition of nuclear weapons,"The existence of nuclear weapons poses an existential threat to humanity, as a single miscalculation or intentional attack could lead to mass destruction and catastrophic consequences for future generations. Given their unparalleled capacity for devastation, nuclear arms perpetuate a culture of fear and instability, hindering global cooperation and diplomatic efforts towards achieving lasting peace. Eliminating nuclear weapons would be a crucial step towards ensuring the safety and security of our planet."
qwen,We should fight for the abolition of nuclear weapons,"The existence of nuclear weapons poses an existential threat to humanity, as their use would inevitably lead to catastrophic loss of life and irreversible environmental devastation. Eliminating these arsenals is essential to preventing accidental escalation or intentional aggression, thereby securing a safer and more stable future for global society."
allam,We should fight for the abolition of nuclear weapons,"Nuclear weapons pose an unprecedented threat to global safety and stability. They cause irreparable damage to infrastructure, environments, and human lives. Additionally, their existence fuels unnecessary tensions between nations, escalating the risk of accidental or intentional wars. Thus, working towards the abolition of nuclear weapons ensures a safer, more peaceful, and sustainable world for future generations."
