question,correct_answer,llama_answer,qwen_answer,allam_answer
Whose character ran a bookshop in the film 'Notting Hill'?,Hugh Grant,William Thacker.,Hugh Grant,"Julia Roberts' character, Annie, ran a bookshop in the film 'Notting Hill'."
Which playing card is called the curse of Scotland,Nine of Diamonds,The Black Lady of the Eight of Swords.,The Deuce of Spades,"The card called the ""Curse of Scotland"" is the ""King of Spades."""
"""Which is the Muppet character who appeared in """"The Muppet Show"""" from the third season and in a number of Muppet films, who throws fish which return to him and plays a fish organ (a line of fish that, when squeezed, each gargle a different note)?""",Robin (Muppet),"Rizzo the Rat is not correct, it is  Rowlf's friend,  but the correct answer is  Waldorf's friend,  Waldorf's friend is not correct,  it is  Waldorf's friend,  Waldorf",Dr. Bunsen Honeydew,Kermit the Frog
Which town is the capital of Papua New Guinea?,PG-NCD,Port Moresby.,Port Moresby,Port Moresby
What is a Teeter-Totter more commonly called?,C-saw,See-Saw.,Seesaw,Flipper.
‘Mucke’ is the Serbo-Croatian name for which UK tv series?,Sunglasses Ron,Only Fools and Horses.,The IT Crowd,"""Mucke"" is the Serbo-Croatian name for the UK TV series ""Doc Martin."""
What is the name of the village druid in the comic strip ‘Asterix’?,Unhygienix,Getafix.,Getafix,Getafix
What is the Latin motto of the film company Metro-Goldwyn-Mayer has the motto?,Art for art's sake,Ars Gratia Artis.,Ars Gratia Artis,"""Speciale et perpetua"" is the Latin motto of the film company Metro-Goldwyn-Mayer."
"In Roman mythology, what was the name of the brother slain by Romulus?",Remus and Romulus,Remus.,Remus,Remus
The Dude would know that stroking and cranking are the two main types of delivery in what sport?,Bowling pathway,Bowling.,Bowling,Tennis
Where certain religions divide the notion of heaven into parts there are generally?,Seven,Multiple levels or realms.,multiple levels,Different levels or realms.
The Frenchman Jean Robert-Houdin (1805-1871) is credited with formalizing what form of entertainment?,Magikal,Modern magic.,Magic,Magic
Which singer had a big 60s No 1 with Roses Are Red?,Bobby Vinton,Bobby Vinton.,Bobby Vinton,Shirley Bassey
Which country is currently ruled by the Chakri dynasty that has been in power since 1782?,Muang Thai,Thailand.,Thailand,Thailand
What is a female skunk called?,Sows,A female skunk is called a doe.,Sow,"A female skunk is called a ""meerkat."""
"What cocktail typically consists of 3 parts vodka, 1 part apple schnapps, and 1 part cointreau?",Appletini,Appletini.,Kamikaze,White Russian
Catoptromancy is the term for predicting the future using what object? Who's the fairest of them all!,Handmirror,A mirror. Snow White.,A mirror,Mirrors
"""Whose last recorded words in the House of Commons were: """"I wish everyone, friend or foe, well. And that is that. The end """" ?""",Rt Hon Anthony Blair MP,Tam Dalyell.,Winston Churchill,Margaret Thatcher
"What can be a legislative body, a collective name for type of bird, and a funk band?",Parliamnet,Parliament.,Parliament,"Legislative body: Congress
Collective name for bird: Flock
Funk band: Parliament"
Milford Sound in Fiordland National Park that was once judged the world's top travel destination is in which country,N Z,New Zealand.,New Zealand,New Zealand
What is the result of raising any number to the power of zero?,1,One.,1,1
Which jazz saxophonist was nicknamed Bird,Charlie Parker,Charlie Parker.,Charlie Parker,Charlie Parker
209 year ago today was the founding of the United States Military Academy at what New York location?,West point,West Point.,West Point,West Point
The Koppen System is a classification system for what?,Climate,Climate.,Climate,Climate
In what modern-day country would you find Machu Picchu?,Lower Peru,Peru.,Peru,Peru
"Which band have announced they have recorded the official Wales anthem for the upcoming Euro football championship, entitled Together Stronger (C’mon Wales)?",Manic Street Preachers,Tom Jones and Aled Jones.,Catatonia,Stereophonics
Which country is separated into two parts by the town of Limbang of Malaysia?,Abode of Peace,Brunei.,Brunei,Brunei
"""Which Shakespeare play features the line: """" The play's the thing / Wherein I'll catch the conscience of the king. """" ?""",The Hamlet,Hamlet.,Hamlet,King Lear
"Which BBC TV sitcom about a retired security guard was set at 37 Wyngate Drive in the first series then at 19, Riverbank for the final 5 series?",List of One Foot in the Grave characters,Porridge,Open All Hours,QI
Zebu cattle are famously distinguished by?,Hump,Their distinctive hump.,A hump on their shoulders,Their hump
Which European country has the world’s oldest national flag?,Eastern Denmark,Denmark.,Denmark,Portugal
"What is the common name for Hydrocephalus, a pathological condition whereby fluid is retained within the skull?",Hydrocephalic,Water on the brain.,Water on the brain,"The common name for Hydrocephalus is ""water on the brain""."
What synthetic fiber is used in most bulletproof vests?,Kevlar,Kevlar.,Kevlar,Kevlar
Who had a 60s No 1 hit with This Diamond Ring?,Dave Gonzalez (Gary Lewis & the Playboys),Gary Lewis and the Playboys.,Gary Lewis & the Playboys,Shania Twain
"""""""At night they fly, you better run, these winged things are not much fun."""" """"In the jungle you must wait, until the dice read five or eight."""" """"A tiny bite can make you itch, make you sneeze, make you twitch."""" """"This will not be an easy mission, monkeys slow the expedition."""" Clues from what 1995 movie game?""",Jumangi,Tomb Raider.,Jungle Speed,"Clue from the 1995 movie game ""Jumanji"""
‘Loitering With Intent’ is a 1993 autobiography by which British actor?,Peter o toole,Steve Coogan.,Ray Winstone,Hugh Grant
"In Switzerland, 1978, the corpse of which entertainer was reburied in concrete after it was recovered from extortionists?",Roy Export Company Establishment,Paula Strassmann,Marcel Marceau,Marilyn Monroe
"Translating from the Greek as ""separating circle"", what is the name of the apparent line that separates the earth from the sky?",Horizon distance,Horizon.,Horizon,"The ""separating circle"" is called the ""equator""."
Which member of the cabinet is MP for Maidenhead?,Theresa Mary May,Thérèse Coffey,No current cabinet member,"The MP for Maidenhead is Theresa May, who is the Prime Minister of the United Kingdom."
What was the French sounding winner of the 2011 Epsom Derby?,Pour Moi,Pour Moi,Pour Moi,"The French-trained horse that won the 2011 Epsom Derby is:
Dubawi."
In Architecture what are a series of short upright pillars supporting a coping or rail called?,Baluster,Balusters.,Balusters,Balusters.
David Balfour and Alan Breck are characters in books by which author?,Robert Lewis Balfour Stevenson,Robert Louis Stevenson.,Robert Louis Stevenson,Sir Walter Scott
In which country will you find the 'Carisbrook Rugby Stadium'?,N Z,New Zealand.,New Zealand,New Zealand
Facebook's new music sharing/streaming feature launched in 2015 was called 'Music... ?,Story,Facebook Audio.,On Demand,SoundCloud
Which Shakespeare play begins 'Now is the winter of our discontent'?,"Richard III, King of England",Richard III.,Richard III,Richard III
Which geological perioed falls between the Triassic and the Cretaceous periods?,Dinosaur types of the jurassic,Jurassic period.,Jurassic,Jurassic Period
Justine Thornton is the fiancee of which politician?,Red Ed,Ed Miliband.,John F. Kennedy,Jeremy Corbyn
In which county would you find Chesil Beach?,County of Dorset,Dorset.,Dorset,Dorset
"""Who duetted with Bryan Adams on the 1985 hit """"It's Only Love""""?""",Anna Bullock,Tina Turner.,Rod Stewart,Tina Turner
Chi is the Chinese year of what?,Cock (disambiguation),The Water Snake.,Rooster,"Rat (摩登, Módéng)"
Who was the second wife of Henry VIII?,Anne Boylen,Anne Boleyn.,Anne Boleyn,Anne of Cleves
Who wrote The female of the species more deadly than the male?,Joseph Rudyard Kipling,Rudyard Kipling.,Rudyard Kipling,Rudyard Kipling
In Hanna and Barbera's TV cartoons base on The Addams Family who was the voice of Gomez?,John Astin,John Astin,John Astin,Romper Room
"Originating in early central American culture, where on the body would a huarache be worn?",Foot fracture,On the foot.,On the foot,Feet.
If the states of the US are listed alphabetically which is the last that does NOT contain the letter O?,Demographics of West Virginia,South Dakota,Wyoming,Alaska
"""In 1936, whose paper """"On Computable Numbers, with an Application to the Entscheidungsproblem"""" proved that a machine could perform any conceivable mathematical computation if it were able to be represented as an algorithm?""",Alan M. Turing,Alan Turing.,Alan Turing,Alan Turing
What is Chandler's surname in Friends,Bing.com,Bing.,Bing,Bing
Which cartoon character is mentioned in the single ‘Life on Mars’ by David Bowie?,Mickey Mouse Operation,Marsupilami.,The Flintstones,Gomez Addams
"In which city would you find the International Court of Justice, otherwise known as The World Court?",The hague,The Hague.,The Hague,The Hague
Which Scottish author who died in 1930 had Ignatius as one of his christian names?,A Conan Doyle,James Matthew Barrie.,Robert Louis Stevenson,Sir Walter Scott
"In 2009, who became the first woman to referee the World Snooker Championship final?",Michaela Tabb,Jan Verhaas,Janet Minto,Referee
What is the chief river of Burma ?,IRRAWADDY,Irrawaddy River.,Irrawaddy River,The Irrawaddy.
What is a dish of pickled herring fillets wrapped around an onion or gerkhin called,Rollmop,Pickled herring roll.,Matjes,Herring and onion roll
"Known as The Hoosier State, what was the 19th state to join the Union on december 11, 1816?","Indiana, United States",Indiana.,Indiana,Indiana
What was President Gerald Ford's middle name?,Rudolph (disambiguation),Rudolph.,Rudolph,"Gerald Ford's middle name was ""Richard""."
Which illness is commonly treated with the drugs lisinopril and ramipril?,Hypertensive diseases,High blood pressure.,High blood pressure,Hypertension (high blood pressure)
The 'naut' in the words 'astronaut' and 'aeronaut' meant originally what?,Merchant mariner,Latin 'nauta' meaning sailor.,sailor,Seafarer
"Written by Earl Derr Biggers in 1925, 'The House Without A Key' was the first novel to feature which Chinese- American detective?",Charlie Chan,Charlie Chan.,Charlie Chan,Charlie Chan
Which Palestinian co-founded al Fatah in 1957?,Yasir Arafat,Yasser Arafat.,Yasser Arafat,Yasser Arafat
Who was the longest reigning British king?,"George III, King of Great Britain and Ireland","Queen Victoria's reign was the longest, but Queen Elizabeth II surpassed that.",Queen Victoria,Queen Victoria
Who opened the Sydney Opera House in 1973,The Queen (disambiguation),Queen Elizabeth II.,Queen Elizabeth II,Björn Ulvaeus
In the 'Jungle Book' what type of creature was 'Bagheera'?,Panther athletics,Black panther.,Black panther,Black panther.
Which iconic British female singer made the highly regarded album titled '(her first name) in Memphis' ?,Dusty springfield,Amy Winehouse,Amy Winehouse,Adele
What was the name of the private eye played by Trevor Eve on TV in the '70s?,Shoestring (TV series),Sharon.,George Gently,Sonny Crockett
"Which country occupying 47% of South America has states including Amazonas, Sao Paulo, Bahia and Para?",Brazil,Brazil.,Brazil,Brazil
Which English town's Anglo Saxon name was Gipeswic pronounced Gipperswick,"Ipswich, UK",Ipswich.,Ipswich,Winchester
In which English county is there a town called Shitlingthorpe,County Yorkshire,Lincolnshire.,Lincolnshire,Lincolnshire
What is the name of Humphrey Bogart’s character in the film ‘Casablanca’?,Rick Blaine,Rick Blaine.,Rick Blaine,Rick Blaine
The archaeological site of the ancient city of Troy is in which country?,Turkey,Turkey.,Turkey,Turkey
‘The Crafty Cockney’ was the nickname of which British darts player?,Crafty Cockney,Eric Bristow.,John Part,Eric Bristow
"In Greek legend, who turned everything he touched into gold ?",Midas and the Golden Touch,Midas.,Midas,King Midas
Which was the second British motorway,M1 (disambiguation),M1.,M6,A406 North Circular Road
Dame Judi Dench and which other actress played the Widdington sisters in the 2004 film Ladies in Lavender?,Dame Maggie Smith,Dame Judi Dench and Maggie Smith.,Peggy Ashcroft,Maggie Smith
"In 1657, who turned down the opportunity to become King of England?",Cromwell,George Monck.,Oliver Cromwell,Oliver Cromwell
What is either a type of wood or an African-American magazine?,St Helena Ebony,Ebony.,Ebony,African-American magazine: Ebony.
Name the last US president to meet the leader of Cuba before Barack Obama did in 2015?,Eisenhower Dwight,Jimmy Carter.,Jimmy Carter,Bill Clinton
Who did Princess Anne marry in 1992?,Sir Timothy Laurence,Mark Phillips,She did not marry anyone in 1992,Captain Mark Phillips
What was the Paramount Film Company originally called?,Raleigh Studios,The Famous Players Film Company.,Famous Players Film Company,Famous Players-Lasky Corporation
Which British monarch was nicknamed ‘The Sailor King’?,William IV (disambiguation),King William IV.,King George V,Charles II
What nationality was 19th Century author Hans Christian Anderson?,Danish,Danish.,Danish,Danish
"Held at Max Yasgurs 600 acre dairy farm, what event, which opened on Aug 15, 1969, was billed as An Aquarian Exposition: 3 Days of Peace & Music?",Woodstock Music and Art Fair,Woodstock Music and Art Fair.,Woodstock,Woodstock
Two counties in the Irish province of Munster begin with the letter C. One is Cork. Name the other.,CLARE,Clare.,Clare,Kerry
What is the largest natural lake in Wales,Lake Bala,Llyn Tegid.,Llyn Tegid,Llyn Tegid (Bala Lake)
The A23 road connects London to which coastal resort in East Sussex?,Brighthelmstone,Eastbourne.,Brighton,Brighton
"""From which Bob Dylan song does the following come: """"Now you don't talk so loud, now you don't seem so proud about havin' to be scrounging for your next meal""""?""",Like a rolling stone,"""Subterranean Homesick Blues""",Subterranean Homesick Blues,"""Blowin' in the Wind"""
Which fruit can go in the middle of the word aped to make a new word?,Pear (fruit),Apple.,Pear,Pea
Which sought-after item was situated in the kingdom of Colchis?,Golden Fleece (disambiguation),The Golden Fleece.,The Golden Fleece,The Golden Fleece.
Where exactly is the tallest habitable building located in the UK? It is 50 stories high with a height of 235 metres (771 feet) and was completed in 1991?,"Canary Wharf, London","One Canada Square in Canary Wharf, London.",The City of London,"The tallest habitable building in the UK is the Shard, located in London. It is 309.6 metres (1,015 feet) tall and completed in 2012."
"Used in cooking, agar-agar is a gelatin made from what?",Macroalgal,Red algae.,Seaweed,Seaweed
Who was named the best player at Euro 2012 by UEFA ?,Andrés Iniesta Luján,Andres Iniesta.,Andrés Iniesta,Andriy Shevchenko
Which company was built into a world-wide organisation by Ray Kroc?,Mackey D's,McDonald's.,McDonald's,McDonald's
"Perhaps foreshadowing recent events in Ukraine, over what region of the Southern Caucasus did Russia and Georgia go to war in 2008?",Tskhinvali region,South Ossetia.,South Ossetia,South Ossetia
Which country was the birthplace of Henry V111’s first wife Catherine Of Aragon ?,Islands of Spain,Spain.,Spain,Spain
What type of animal was Bambi's friend Flower?,Wood pussy,Skunk.,Raccoon,Flower was a rabbit.
"In Only Fools And Horses, Rodney Trotter shares his middle name with which London football club?",Charlton (disambiguation),Tottenham.,Chelsea,Tottenham Hotspur
Who played the role of George Carter in The Sweeney?,Dennis Waterman,John Thaw,John Thaw,Richard Burton
"Which Frenchman, a football administrator and head of FIFA from 1921 to1954 is regarded as the founder of the football World Cup?",Jules Rimet,Jules Rimet.,Jules Rimet,Jules Rimet
"Because he held the earth on his shoulders, for what Greek figure did Gerardus Mercator name his book of maps?",Atlases,Atlas.,Atlas,Atlas
Which sauce made from ham drippings and coffee and seen in the cuisine of the Southern United States gets its name from its appearance like that of a certain body organ?,Redeye gravy,Liver sauce.,Livermush,Brunswick stew
In which part of the human body can you find the Malleus or Hammer bone ?,THE EAR,The ear.,The middle ear,Ear (tympanic membrane)
Who was the Georgia Peach?,"Cobb, Ty",Ty Cobb.,Frank Sinatra,"Rachael ""Georgia Peach"" Robinson (1942–2007) was an American professional wrestler."
Matt Busby played for Manchester City from 1928 to 1936. Which club did he play for from 1936 to 1941?,Liverpudlian,Liverpool.,Manchester United,Manchester United
"What 1989 best picture Oscar winning movie, based on a play by Alfred Uhry, and co-starring Morgan Freeman, gave Jessica Tandy, at age 80, the award for Best Actress, the oldest winner in history?",Miss Daisy,Driving Miss Daisy.,Driving Miss Daisy,Driving Miss Daisy
"""Which boxer famously said,"""" If I can't beat this bum take my name off the record books?""""""",Rocco Marchegiano,Rocky Marciano.,Muhammad Ali,Muhammad Ali.
Which ‘P’ describes the chasing pack in a cycling race?,Pelaton,Peloton.,Peloton,Pursuit
On which British holiday did the 2004 tsunami occur?,Second Christmas Day,Boxing Day.,Boxing Day,Boxing Day
The 2014 'Bendgate' controversy/publicity concerned version 6 of which famous product?,Bendgate,Apple iPhone.,iPhone 6 Plus,iPhone
What is the 3rd largest car rental company in the United States?,The alamo,Enterprise Rent-A-Car.,Enterprise Rent-A-Car,Enterprise Rent-A-Car
Who was the first African American holder of the world heavyweight boxing title?,Jack Johnson,Jack Johnson.,Joe Louis,Muhammad Ali
"From which country do French fries originate? France, Belgium or Switzerland?",ISO 3166-1:CH,Belgium.,Belgium,France
"""What Latin expression means """"Seize the Day""""?""",Carpe diem quam minimum credula postero,"""Carpe Diem.""",Carpe Diem,Carpe diem
"Which film about a submarine had as one of its stars Denzil Washington, whose character had violent disagreements with his Captain played by Gene Hackman?",'CRIMSON TIDE',Crimson Tide.,Crimson Tide,"The film is ""The Siege"" (1998), which stars Denzel Washington and Gene Hackman. The Siege is a 1998 American political thriller film directed by Tony Scott and starring Denzel Washington, Bruce"
Which was the first commercial jet airliner to go into service in the UK?,Cometary nuclei,de Havilland Comet.,De Havilland Comet,De Havilland Comet
"Who was the leader of the gang whose members included Benny the Ball ,Brain and Choo Choo?",Brain (Top Cat character,Top Cat.,George Kelly,"The leader of the gang mentioned in the question is Little Caesar. 

Little Caesar was a fictional character and the protagonist in a series of films and books, often portrayed as a gangster or mob boss."
‘Hampsteads’ is Cockney rhyming slang for what?,Tooth root,Stairs.,Hampstead Heath,Heads
What was the scene of the final defeat of the Jacobites under Charles Edward by forces under the command of the Duke of Cumberland on 16 April 1746?,Culloden,Culloden Moor.,Battle of Culloden,Culloden Moor
"Ushuaia, which is now generally accepted as the southernmost city in the world, is in which country?",Arxintina,Argentina.,Argentina,Argentina
What English expression for a long complex procedure derived from a old legal document called a ragman roll?,Rigmarole,Ragtag.,Red tape,Red tape
Beloved in 1999 was whose first movie since The Color Purple in 1985?,Oprah,Beloved was Oprah Winfrey's first movie since The Color Purple in 1985.,Steven Spielberg,Oprah Winfrey
What was the name of Butch Cassidy's gang,Hole in the Wall gang,The Wild Bunch.,The Wild Bunch,The Sundance Kid and the Wild Bunch
What type of camel has two humps?,Bactrian,Bactrian camel.,Bactrian camel,Bactrian camel
What word is used to mean the dead skin at the base of a fingernail?,Cuticles,Eponychium.,Cuticle,Nail bed.
What does an octopus spray when threatened?,Ink,Ink.,Ink,Ink (or ink sac)
"The English towns of Abingdon, Wallingford and Marlow lie on which river?",Theems,The River Thames.,River Thames,Thames
What song was a hit for Tom Jones and Cerys Matthews in 1999?,It's Cold Outside,"""Baby, It's Cold Outside"".",Sex Bomb,"""It's Not Unusual"""
What lake can be found on the border of Vermont and New York?,Champlain Lake,Lake Champlain.,Lake Champlain,Lake Champlain
"What spirit, in Ireland and Scotland, makes noises near a house when someone is about to die?",Bean sidhe,The Banshee.,The Banshee,Banshee
"Frenchman Maurice André, who attributed his stamina and breath control to his teenage years as a coal miner, was a famous virtuoso player of what instrument?",Trumpet.,The French horn.,Trumpet,Trombone
Complete this boxing phrase 'The Thriller in'?,"Manila, Phillipine Islands",Manila.,Mill Valley,Manila
What drinking vessel supposedly confers eternal life on those who drink from it?,Sangrael,The Holy Grail.,The Holy Grail,The Elixir of Life or the Philosopher's Stone
"April 5, 1614 saw early American settler and tobacco exporter John Rolfe marry who?",Pocahontas (Pocahontas),Pocahontas.,Pocahontas,Pocahontas
What is the fin called underneath the rear of a surfboard?,Skeg (surfing),"The fin is called a ""stabilizer"" or more specifically, a ""center fin"" or ""single fin"".",Swing fin,"The fin called underneath the rear of a surfboard is typically referred to as the ""tail fin"" or ""rudder fin""."
"""After stints backing Little Richard and the Isley Brothers, who was discovered leading """"Jimmy James and the Blue Flames"""" at the Caf Wha? in New York and taken to London on 26 September 1966 to make hit records?""",Hendrix,Eric Clapton.,Eric Clapton,David Bowie
Which country is known to its people as Suomen Tasavalta?,FinlanD,Finland.,Finland,Finland
In which year did St George die?,three hundred and three,303 AD.,303 AD,304 AD
Who allegedly solved the riddle of the Gordian knot simply by slicing it with his sword?,Μέγας Ἀλέξανδρος,King Alexander the Great.,Alexander the Great,Alexander the Great
Nick Begs was lead singer with which 80’s pop band?,Kaja Googoo,New Kids on the Block.,The Communards,Bananarama
As at 2012 Goulburn Correctional Centre is considered the highest security prison of which country?,Australia (Commonwealth realm),Australia.,Australia,Australia
What is the name of Tokyo's seaport ?,横浜,Tokyo Port.,Tokyo Port,Tokyo Port
"Located in North Carolina, which is both the highest mountain in the Appalachians and the highest mountain east of the Mississippi?",Mount Mitchell,Mount Mitchell.,Mount Mitchell,Mount Mitchell
"What speaker component is used to produce the highest audio frequencies, usually between 2,000HZ and 20,000HZ?",Piezo tweeter,Tweeter.,Tweeter,Tweeter
Who on TV is the Naked Chef,Jools oliver,Jamie Oliver.,Jamie Oliver,Jamie Oliver
What name was given to the floating harbours used on D-Day?,Mulberry tea,Mulberry Harbours.,Mulberry harbours,Mulberry Harbours
Las Vegas is situated in which US State?,Silver State,Nevada.,Nevada,Nevada
"What is the name of the system of stellar designation in which a specific star is identified by a Greek letter (then Latin letters in lower-case then upper-case), followed by the genitive form of its parent constellation's Latin name (e.g. Tauri)?",Bayer's Name,Bayer designation.,Bayer designation,Alpha Centauri
David Tyler is the current chairman of which leading supermarket chain?,Sainsburys.com,I'm not aware of that information.,Sainsbury's,Tesco
"Although he never won an Oscar for best director, one of Hitchcock's films did win an Oscar for best picture. What was the film?",Rifkah,Rebecca.,Rebecca,Psycho
Who had a 60s No 1 with Downtown?,Petula Clark,Petula Clark.,Petula Clark,Petula Clark
Jimi Hendrix presented the broken parts of the guitar that he destroyed on-stage at the 1968 Miami Pop Festival to whom? Not sure if the recipient named it Moon Unit.,Frank zappa,Noel Redding.,Moon Unit Zappa,Moon Unit Zappa.
"""From which Beatles song do the following lyrics come, """"Nothing's going to change my world""""?""",Across The Universe,"""Change""",Nothing's going to change my world,"""Here Comes the Sun"""
Which “Thom” is Radiohead’s lead singer and principal songwriter?,Youwouldn’tlikemewhenI’mangry,Thom Yorke.,Thom Yorke,Thom Yorke
Which former British PM was christened “Grocer” by Private Eye?,Sir Edward Heath,John Major.,John Major,Harold Wilson
In which sport would you see someone slam-dunking the ball?,Basketball,Basketball.,Basketball,Basketball
"In Greek mythology, who was the mother of Perseus visited by Zeus disguised as a shower of gold?",Danaë,Danaë.,Danaë,Danaë
Captain Corelli's mandolin is a book a film set in which country,Yunanistan,Greece.,Greece,Greece
"""The American film made at the very start of the sound film era, """"All Quiet on the Western Front"""" (1930), on the grimness of warfare in WWI was banned in Germany (after a brief run in 1930) not unexpectedly, but also where?""",Australia (Commonwealth realm),The United Kingdom.,Japan,Italy
Which is the largest cat in the world?,Manchurian Tiger,Siberian tiger.,The tiger,Siberian tiger
"Which French winner of the Nobel Prize for Literature, famously dedicated it to his primary school teacher?",The Blood of the Hungarians,François Mauriac.,Albert Camus,Albert Camus
"""What is the longest running emergency medical drama series in the world, and the second-longest-running medical drama in the world behind America's """"General Hospital""""?""",Casualty (disambiguation),"""Coronation Street's"" spin-off ""Emergency - 112"".",ER,"""Hotel de Paree"" (Docteur Spécialistes in its original French version) is the longest-running emergency medical drama series in the world, and the second-longest-running medical drama in the world"
Clement (Clym) Yeobright is a leading character in which novel?,Return of the native,"""Return of the Native"".",The Return of the Native,Hard Times
A member of which profession would reside in a manse,Clergyman,A minister.,Clergy,Minister.
With what country did the United States re-establish diplomatic relations in 2015?,Republic of Cuba,Cuba.,Cuba,Cuba
'Spring' and 'Rhenish' are the popular names given to symphonies by which composer?,"Schumann, Robert Alexander",Beethoven,Ludwig van Beethoven,Joseph Haydn
"In which arcade game, would you find ghosts called Inky, Pinky, Blinky and Clyde?",Pakman,Pac-Man.,Pac-Man,Pac-Man
The most southerly part of mainland Australia is in which state?,CIVI-TV,South Australia.,Victoria,South Australia
"What seven letter word, beginning with the letters 'Ra' is a palindrome?",Racing cars,Radar.,Radar,radar
Who memorably failed to win the Marathon in the 1954 Commonwealth Games?,Jim Peters,Roger Bannister.,John Disley,Sir Roger Bannister
Breugel; Van Dyck and Rubens were all citizens of which country?,Belguim,Belgium.,Belgium,Belgium
Which 1968 album released by George Harrison is notable for being the first official solo album by one of The Beatles?,Wonderwall Music,"The Beatles' Apple Records released ""Wonderwall Music"" in 1968, but the first solo album is ""All Things Must Pass"".",Wonderwall Music,"""All Things Must Pass"""
What was Warren Beatty's first movie?,Splendor in the Grass,Splendor in the Grass.,Splendor in the Grass,"""Splendor in the Grass"" (1961)"
"What company encourages you to ""Think Outside the Bun""?",Taco Bell Corporation,Arby's.,Whataburger,Burger King
How many avenues radiate from the Arc de Triomphe?,twelve,12 avenues.,12,Eight.
"The longest running television series ever, November 6, 1947 saw the debut of what now weekly news program, now hosted by David Gregory, following the unfortunante sudden death of host Tim Russert?",Meet the Press with David Gregory,Meet the Press.,Meet the Press,Meet the Press
"Indians used wampum for money, what was wampum",Beads or shells,Shell beads.,Shell beads,"Wampum was a form of traditional currency used by Native American tribes, particularly the Algonquian-speaking peoples, consisting of bead strings."
"In Jeff Wayne's 'Musical Version of Spartacus' released in 1992, which later Oscar-winning British actress sings the principal female role of Palene?",Catherine ζ-Jones,Susan Boyle,Kate Winslet,Kiki Dee
What celestial object was visited by the New Horizons spacecraft in 2015?,134340 Pluto.,Pluto.,Pluto,Pluto
"What 1945 film won best picture, actor, director Oscars?",The Lost Weekend,"""Going My Way""",The Lost Weekend,Casablanca
"With 47 attacks in the year 2010 alone, what body of water is known as Pirate Alley?",Gulf of Aden,The Gulf of Aden.,Gulf of Guinea,Caribbean Sea
What is the state capital of Alabama,Montgomerie,Montgomery.,Montgomery,Montgomery
English sportswoman Charlotte Edwards is associated with which sport?,Cricket games,Cricket.,Cricket,Cricket
Which French racecourse hosts the 'Prix de l'Arc de Triomphe?,Longchamps,Longchamp.,Longchamp Racecourse,Longchamp
Which doctor - an eternal optimist – features in Voltaire’s Candide?,Dr Pangloss,Pangloss.,Dr. Pangloss,Dr. Bernardo
Which journalist first told the world about the My Lai massacre?,Seymour Hersch,Seymour Hersh.,Seymour Hersh,Seymour Hersh
What are the last six words of Rudyard Kipling’s ‘If’?,"YOU’LL BE A MAN, MY SON",If you can meet with Triumph and Disaster.,and yours is the Earth and everything,"""If you can keep your head when all about you"""
What was the name of the Liverpool nightclub where the Beatles regularly played?,Cavern club,The Cavern Club.,The Cavern Club,The Cavern Club
What are the topmost 7 vertebrae of the backbone called?,Cervical,Cervical vertebrae.,Cervical vertebrae,Cervical vertebrae
What is the name of the vessel in Paul Gallico's 1969 adventure novel that has been adapted as a film four times?,Earth Shaker,The Snow Goose.,The Onedin Line,The Poseidon Adventure
On which coast of South America would you find the country of Venezuela?,Northward,Caribbean coast.,North coast,Atlantic Ocean (North coast)
What is the more common name for the white crystalline salt called hydrated sodium pyroborate?,Na2b4o7,Borax.,Borax,Borax
Which element takes its name from the Persian for 'gold coloured'?,Zirconium salts,Cadmium.,Aurum,Gold
A Varsovian is a native of which capital city,Warwaw,Warsaw.,Warsaw,Warsaw
What name besides glove is given commonly to a baseball player's handwear?,Mitt,Mitt.,Mitt,Mitt
"What American animal is commonly called an antelope, but is not actually an antelope?",Pronghorns,Pronghorn.,Pronghorn,Pronghorn
Scrying commonly entails the use of a?,Crystal ball,Crystal ball.,polished mirror,"Mirror, crystal ball, or water."
What is the last name name of the doctor who first described a certain disease in An Essay on the Shaking Palsy written in 1817?,Dr. (James) Parkinson,Parkinson.,James Parkinson,Sydenham
"Two all beef patties, special sauce, lettuce, cheese, pickles, onions on a sesame seed bun describes what?",Big Mac Sauce,A Big Mac.,A Big Mac,A classic hamburger.
Who was the first person after Scott to reach the South Pole overland?,Sir Edmund Hillary,Roald Amundsen.,Amundsen,Amundsen
What type of aircraft was used by Alcock and Brown when they became the first men to fly the Atlantic non stop?,Vickers Vimy Commercial,Vickers Vimy biplane.,Vickers Vimy,Airco DH.4
Which is the first written single word number in which the letter ‘A’ appears?,Thousand,One.,One hundred,"One: The first written single word number in which the letter 'A' appears is ""one."""
What was the name of Shari Lewis' sassy sock puppet?,Lamb Chop,Lamb Chop.,Lamb Chop,Lamb Chop
What is the fastest animal on two legs?,Ostrich farms,The ostrich.,Ostrich,Human (top speed around 48 km/h or 30 mph)
Whose horse was Black Nell?,Wild Bill Hickok's,John Paul Jones',John Henry,"Native American woman, Sacagawea."
On what body of water did Jesus supposedly walk?,Sea of Genezareth,The Sea of Galilee.,Sea of Galilee,Sea of Galilee
"What is the title of Tony Blair's autobiography/memoir published in 2010, which covered events from 1994 to his resignation as Prime Minister?",A Journey,"""A Journey""",A Journey,"""Journey"""
What was Julian Schnabel's acclaimed 2008 film of the book written by a stroke victim's blinking eye?,The Diving-Bell and the Butterfly,The Diving Bell and the Butterfly.,The Diving Bell and the Butterfly,Before the Flood
Which king’s beloved son William was drowned in the tragedy of the White Ship?,Enrique I,William II of England's half-brother.,Henry I,King Henry II
"What was the 42nd state to join the Union on Nov 11, 1889?",Washington (Amtrak station),North Dakota.,North Dakota,Hawaii
A Suffolk Punch is what kind of animal?,Horse,Draft horse.,A horse,Horse
A rabbit punch is a blow to what part of the body?,Necke,The base of the skull.,The back of the head or neck,Face
"Which American wit said, 'This is not a novel to be tossed aside lightly. It should be thrown with great force'?",Constant Reader,Dorothy Parker.,James Thurber,Mark Twain.
What was the first Beatles film?,A hard day's night,A Hard Day's Night.,A Hard Day's Night,A Hard Day's Night
Films. Which Dominic starred as Merry (Meriadoc) in ‘The Lord of the Rings’?,Monaghan Urban Council,Dominic Monaghan.,Dominic Monaghan,Dominic Monaghan
Which celebrity first found fame as the Joan Collins Fan Club,Joan Collins Fanclub,I couldn't find any information on this.,Elton John,Dame Joan Collins
Which Japanese island that has its capital at Sapporo is the traditional home of the Ainu people?,Hokkaidou prefecture,Hokkaido.,Hokkaido,Hokkaido
In which US city do the Baseball team known as the 'Royals' play their home games?,Kansas City Metro,Kansas City.,Kansas City,Kansas City
"""What medical board game features body parts such as """"Charley Horse"""" and """"Spare Ribs""""?""",Operations,Operation.,Operation,"""Medic!"""
What term refers to a triangle with two equal sides?,Isosceles triangle,Isosceles.,Isosceles triangle,Scalene triangle
Who was the leader of France’s Vichy Government during World War II?,Henri Phillippe Pétain,Marshall Philippe Pétain.,Philippe Pétain,Philippe Pétain
If I Were A Rich Man Was a big hit from which stage show?,Fiddler on a Roof,Fiddler on the Roof.,Fiddler on the Roof,Fiddler on the Roof
"Luzon, Visayas and Mindanao form the three major island groups of which country?",Islas Filipinas,The Philippines.,The Philippines,Philippines
"First debuting in the cartoon Mickey's Review, what classic turtle neck wearing cartoon character had the original name of Dippy Dog?",Goofy holler,"Dennis the Menace's companion, Ruff.",Goofy,Yogi Bear
"What is prussic acid, found in bitter almonds and laurel leaves, also known as?",Formic anammonide,Hydrogen cyanide.,Hydrogen cyanide,Hydrocyanic acid
Which UK band had 2 top ten singles in the same week in 2001?,Manic Street Preachers,Oasis.,The Beatles,Oasis
"The first US space station was launched on May 14, 1973. What was it called?",Skylab One,Skylab.,Skylab,Skylab.
Which P is the correct technical term for the art of making and displaying fireworks?,Pyrotecnics,Pyrotechnics.,Pyrotechnics,Pyrotechnics
What is the more common name for atmospheric vapour frozen in a crystalline form,Snowflake structure,Fog.,Snow,Ice.
"In the 2005 Julian Barnes novel ‘Arthur and George’, who is Arthur?",A Conan Doyle,Sir Arthur Conan Doyle.,Arthur Conan Doyle,"Arthur is the main character, Arthur Conan Doyle."
Which organization of the Catholic church whose name is Latin for 'Work of God' received world attention with the publication of The Da Vinci Code in which it is portrayed as participating in a sinister international conspiracy?,The Prelature of the Holy Cross and Opus Dei,Opus Dei.,Opus Dei,Opus Dei
Fado is a type of music from which country?,Portogało,Portugal.,Portugal,Portugal
What is the capital of Algeria,"Algiers, AL",Algiers.,Algiers,الجزائر العاصمة
"In weaving, what are the threads running parallel to the length of the cloth called?",Warping,Warp.,Warp threads,Warp threads
"In the human body, what is the common name for the 'Talus bone'?",Ancle,Ankle bone.,Ankle bone,Ankle bone
Can you connect Darwin and his research on Galapagos Islands to the book To Kill a Mockingbird?,Fringillidae,No direct connection.,No direct connection,Similarities between prejudice and evolution.
"""Who said, To err is human but it feels divine?""""""",Mae West,Mae West.,No one,William Shakespeare
An isohel is a line on a map connecting two points which have the same duration of what?,Solar Irradiation,solar time.,sunshine,Solar exposure.
What was placed in Earth’s orbit by Discovery in 1990?,Hubble Space telescope,Hubble Space Telescope.,The Hubble Space Telescope,The Space Shuttle Discovery launched the Tracking and Data Relay Satellite (TDRS) in 1990. This satellite has been orbiting Earth to provide communication and tracking support for space missions.
"Vijay Singh, a US Masters champion, comes from where?",Fiji Islands,Fiji.,Fiji,Fiji
What are the only two types of mammal that can lay eggs?,Platamapus,Monotremes.,Platypus and echidna,Monotremes.
What is animelles the culinary term for,Testical cyst,Small pieces of meat.,Testicles,Edible animals or ingredients derived from animals.
"In the human body, what seven letter word describes the loss of the sense of smell ?",Anosmia,Anosmia.,Anosmia,Anosmia
In which ‘business’ did John Davidson Rockefeller make his fortune?,Oil (disambiguation),Oil refining.,Oil,Oil industry
"""What has been described as the """"fifth"""" taste, after sweet, sour, bitter, and salty?""",Savory taste,Umami.,Umami,Umami
"In Greek mythology, who stole fire from the gods and gave it to the human race?",Trick at mecone,Prometheus.,Prometheus,Prometheus
Which metal is added to steel to produce stainless steel?,Chromium compounds,Chromium.,Chromium,Chromium
What colour/color is Mr Bump in Hargreaves' Mr Men series of children's cartoon books?,Blue,Blue,Brown,Mr. Bump is yellow in the Mr. Men series.
What is the name given to the official residence provided for the Olympic athletes?,Paralympic Village,Olympic Village.,Olympic Village,Olympic Village
"Which organization claims to have the world's largest collection of public records, unpublished opinions, forms, legal, news, and business information?",Matthew Bender,Westlaw.,LexisNexis,LexisNexis
What colour is the cross on the national flag of Switzerland?,White (Colour),White.,White,White
What was the first top ten entry for Ce Ce Peniston (1992),We Got a Love Thang,Finally,Finally,"""Finally"""
Involvement with which corrupt architect led to the resignation of Home Secretary Reginald Maudling in July 1972?,Poulson affair,John Poulson.,John Poulson,"The involvement of corrupt architect Archibald Leach, also known as Cary Grant, led to the resignation of Home Secretary Reginald Maudling in July 1972."
In which European city is the Belvederen Gallery?,Capital of Austria,Vienna.,Berlin,Amsterdam
"Graca Machel, the widow of a President of Mozambique, is the wife of which famous man?",Nelson Mendella,Nelson Mandela.,Nelson Mandela,Nelson Mandela
Aberdeen is known as what?,The granite city,The Oil Capital of Europe.,Granite City,Granite City
Which shocking fish is also known as a torpedo?,Torpediniformes,Electric eel.,Electric ray,Electric eel
What name is given to a baby marsupial?,Joey (disambiguation),Joey.,Joey,Joey
What period film of Stanley Kubrick that recounts the exploits of an 18th century Irish adventurer is loosely based on a novel of William Makepeace Thackeray?,Barry Lyndon (film),Barry Lyndon.,Barry Lyndon,Barry Lyndon (1975)
"""'The Doors' generated a controversy with the single """"Hello, I Love You"""" in 1968 when the press pointed out it's resemblance to the 1965 hit """"All Day and All of the Night"""" of which band?""",The Kinks,The Kinks.,The Hollies,"The lyrics of ""Hello, I Love You"" by The Doors were deemed too similar to the 1965 hit ""All Day and All of the Night"" by The Kinks."
The name of which chemical element of the Periodic Table ends with the letters KEL ?,Nickel metallurgy,Tellurium.,Nickel,Krypton
In which county will you find Fountains abbey and Studley Water Gardens?,Wrench Green,North Yorkshire.,North Yorkshire,North Yorkshire
What nationality was the astronomer Copernicus ?,Polishedly,Polish.,Polish,Polish.
Darwin is the capital of which Australian state ?,Northern Territory,Northern Territory.,Northern Territory,Tasmania
The 19th century invention Paige Compositor sought to replace the typewriter but ended up becoming a failure. Which American author lost nearly all his fortune for its development?,Mark Twain,James Paige,Mark Twain,Charles W.
What product invented by Frederick Walton in 1864 became so widely used and 'stepped on' that the name became generic just 14 years after its invention?,Lynolium,Linoleum.,Linoleum,Paper clip.
What is the scientific name given to tea?,Camelia sinensis,Camellia sinensis.,Camellia sinensis,Camellia sinensis
Who did June Carter marry?,Vivian Cash,Johnny Cash.,Johnny Cash,Johnny Cash
Who on TV has played a scarecrow and a Time Lord?,John Pertwee,David Tennant.,David Tennant,Christopher Eccleston
Who had the most expensive presidential inauguration ceremony of the 20th century?,George Walker Bush,John F. Kennedy.,Bill Clinton,Bill Clinton
Arthur Thistlewood led which failed conspiracy in 1820?,CATO STREET,Cato Street Conspiracy.,Cato Street Conspiracy,The Cato Street Conspiracy was a failed plot by a group of radicals to assassinate several members of the British government and declare a republic in 1820. Arthur Thistlewood was one of the leaders of this conspiracy.
"In April, which sportsman married his childhood sweetheart Kim Sears?",Andy Murray (tennis player),Andy Murray.,Tiger Woods,Sir Steve Redgrave
Stalactites grow down from the top of cave. What grows up from the floor of a cave?,Stalagmite,Stalagmites.,Stalagmites,Stalagmites.
Which was the only eastern bloc country to participate in the 1984 LA Olympics?,ISO 3166-1:RO,Romania.,Poland,Romania
"The London production of which play by acclaimed Australian playwright, David Williamson, won him the George Devine Award, the first time for a non-UK writer?",The Removalists,"""Otherwise Engaged""",The Removalists,"The play is ""The Removalists""."
In which country was the first permanent bungee jumping site situated?,N Z,New Zealand.,New Zealand,New Zealand
"Which 2010 biographical film, starring Mark Wahlberg and Christian Bale, centred on the life of professional boxer 'Micky Ward' and his older half-brother 'Dicky Eklund'?",The Fighter (2010 film),The Fighter.,The Fighter,The Fighter
The 'Gowk' is an old dialect word for which bird?,The cuckoo,Cuckoo.,Cuckoo,Cuckoo
What is the name of the convenience store operated by Apu on TVs The Simpson?,Kwik e mart,Kwik-E-Mart.,Kwik-E-Mart,Kwik-E-Mart
Who played Brad Pitt’s wife Theresa Mills in the film ‘Seven’?,Gwynyth Paltrow,Gwyneth Paltrow,Gwyneth Paltrow,Kate Beckinsale
"""Who wrote the trilogy of books """"The Millennium Trilogy"""" featuring the character Lisbeth Salander?""",Stieg Larsen,Stieg Larsson.,Stieg Larsson,Stieg Larsson
From which film did The Harry Lime Theme come,The Third Man (film),The Third Man.,The Third Man,"""The Third Man"""
' Ophidian ' refers to what kind of creatures ?,Snkae,Snakes.,Snakes,Snakes.
"The equatorial Republic of Kiribati's 'Kiritimati' (Christmas) Island, among the first land to see each new day/year, is in which ocean?",Pacific Basin,Pacific Ocean.,Pacific Ocean,Pacific Ocean
"Which type of lens is thicker at the centre than at the edge, as used in microscopes?",Lens Maker's Formula,Convex lens.,Convex lens,Planoconvex lens
The Mossad is the intelligence agency of what country?,İsrail,Israel.,Israel,Israel
Which chemical element is named after the Greek word for the Moon?,Selenious,"Luna is not the answer, but Selene is.",Selenium,Luna
